{
  "id": "outgunned",
  "title": "Outgunned",
  "description": "The Outgunned system for FoundryVTT!",
  "version": "0.0.1",
  "compatibility": {
    "minimum": 10,
    "verified": 10,
    "maximum": 10
  },
  "authors": [{
    "name": "Asacolips"
  }],
  "esmodules": ["module/outgunned.mjs"],
  "styles": ["css/outgunned.css"],
  "scripts": [],
  "packs": [],
  "languages": [
    {
      "lang": "en",
      "name": "English",
      "path": "lang/en.json"
    }
  ],
  "gridDistance": 5,
  "gridUnits": "ft",
  "primaryTokenAttribute": "health",
  "secondaryTokenAttribute": "power",
  "url": "",
  "manifest": "https://raw.githubusercontent.com/superseva/outgunned/main/system.json",
  "download": "https://github.com/superseva/outgunned/releases/download/v0.0.1/outgunned.zip",
  "license": "LICENSE",
  "changelog": "CHANGELOG.md"
}
